Ninth Doctor,Rose Tyler
Ninth Doctor,Jack Harkness
Tenth Doctor,Rose Tyler
Tenth Doctor,Jack Harkness
Tenth Doctor,Martha Jones
Tenth Doctor,Donna Noble
Tenth Doctor,River Song
Tenth Doctor,Gwen Cooper
Tenth Doctor,Ianto Jones
Tenth Doctor,Eleventh Doctor
Eleventh Doctor,River Song
Eleventh Doctor,Amy Pond
Eleventh Doctor,Rory Williams
Eleventh Doctor,Clara Oswald
Twelth Doctor,River Song
Twelth Doctor,Clara Oswald
Twelth Doctor,Bill Potts
Rose Tyler,Jack Harkness
Rose Tyler,Martha Jones
Rose Tyler,Donna Noble
Rose Tyler,Gwen Cooper
Rose Tyler,Ianto Jones
Jack Harkness,Martha Jones
Jack Harkness,Donna Noble
Jack Harkness,Gwen Cooper
Jack Harkness,Ianto Jones
Jack Harkness,Owen Harper
Jack Harkness,Toshiko Sato
Jack Harkness,Suzie Costello
Jack Harkness,Lois Habiba
Jack Harkness,Rex Matheson
Jack Harkness,Esther Drummond
Jack Harkness,Vera Juarez
Martha Jones,Donna Noble
Martha Jones,Gwen Cooper
Martha Jones,Ianto Jones
Martha Jones,Owen Harper
Martha Jones,Toshiko Sato
Donna Noble,River Song
Donna Noble,Gwen Cooper
Donna Noble,Ianto Jones
River Song,Amy Pond
River Song,Rory Williams
River Song,Clara Oswald
Amy Pond,Rory Williams
Amy Pond,Clara Oswald
Rory Williams,Clara Oswald
Gwen Cooper,Ianto Jones
Gwen Cooper,Owen Harper
Gwen Cooper,Toshiko Sato
Gwen Cooper,Suzie Costello
Gwen Cooper,Lois Habiba
Gwen Cooper,Rex Matheson
Gwen Cooper,Esther Drummond
Gwen Cooper,Vera Juarez
Ianto Jones,Owen Harper
Ianto Jones,Toshiko Sato
Ianto Jones,Lois Habiba
Owen Harper,Toshiko Sato
Owen Harper,Suzie Costello
Toshiko Sato,Suzie Costello
Rex Matheson,Esther Drummond
Rex Matheson,Vera Juarez
Esther Drummond,Vera Juarez
